Year,Player,School,GradStatus,Sprint_40yd,Vertical_Jump,Bench_Press_Reps,Broad_Jump,Agility_3cone,Shuttle,Drafted_Round,Drafted_Pick,BMI,Player_Type,Position_Type
2009,Will Davis\DaviWi99,Illinois,Yes,4.84,83.82,27,292.1,7.38,4.45,6,204,33.5100731,defense,defensive_lineman
2009,Michael Oher\OherMi20,Mississippi,Yes,5.16,77.47,21,261.62,7.81,4.6,1,23,37.61227495,offense,offensive_lineman
2009,Cedric Peerman\PeerCe00,Virginia,Yes,4.34,101.6,27,297.18,6.99,4.29,6,185,31.89729662,offense,backs_receivers
2009,Aaron Maybin\MaybAa99,Penn St.,No,4.64,96.52,22,314.96,7.52,4.38,1,11,30.30892059,defense,defensive_lineman
2009,Eric Wood\WoodEr20,Louisville,Yes,5.19,77.47,30,251.46,7.56,4.51,1,28,37.73399752,offense,offensive_lineman
2009,Bernard Scott\ScotBe00,Abilene Christian,Yes,4.44,91.44,21,317.5,6.82,4.08,6,209,28.69671754,offense,backs_receivers
2009,Morgan Trent\TrenMo99,Michigan,Yes,4.5,96.52,23,322.58,7.05,4.01,6,179,25.46301912,defense,defensive_back
2009,James Davis\DaviJa03,Clemson,Yes,4.45,81.28,17,276.86,7.15,4.37,6,195,30.40451664,offense,backs_receivers
2009,Coye Francies\FranCo99,San Jose St.,Yes,4.63,91.44,24,312.42,6.81,4.24,6,191,25.09025313,defense,defensive_back
2009,John Phillips\PhilJo00,Virginia,No,4.78,85.09,20,284.48,6.84,4.27,6,208,29.76395083,offense,backs_receivers
2009,Stephen Hodge\HodgSt99,TCU,No,4.59,88.9,22,292.1,7.21,4.34,6,197,31.73577964,defense,line_backer
2009,Knowshon Moreno\MoreKn00,Georgia,No,4.5,90.17,25,292.1,6.84,4.27,1,12,30.26504638,offense,backs_receivers
2009,Robert Ayers\AyerRo99,Tennessee,Yes,4.77,74.93,18,259.08,7.56,4.51,1,18,33.99732012,defense,defensive_lineman
2009,Brandon Pettigrew\PettBr00,Oklahoma St.,Yes,4.8,83.82,22,299.72,7.12,4.37,1,20,31.18692856,offense,backs_receivers
2009,Jarius Wynn\WynnJa99,Georgia,Yes,4.94,80.01,19,271.78,7.4,4.58,6,182,34.37229056,defense,defensive_lineman
2009,Brandon Underwood\UndeBr99,Cincinnati,Yes,4.48,92.71,16,317.5,7,4.2,6,187,26.12268282,defense,defensive_back
2009,B.J. Raji\RajiBJ99,Boston Col.,Yes,5.12,81.28,33,261.62,7.9,4.69,1,9,44.4613339,defense,defensive_lineman
2009,Clay Matthews\MattCl99,USC,Yes,4.58,90.17,23,307.34,6.9,4.18,1,26,29.9976354,defense,line_backer
2009,Brian Cushing\CushBr99,USC,Yes,4.64,88.9,30,304.8,6.84,4.22,1,15,30.37260584,defense,line_backer
2009,Eugene Monroe\MonrEu20,Virginia,No,5.18,72.39,23,279.4,7.86,4.78,1,8,36.64167652,offense,offensive_lineman
2009,Larry English\EnglLa99,Northern Illinois,Yes,4.74,91.44,24,271.78,7.26,4.38,1,16,32.73972659,defense,line_backer
2009,Jason Smith\SmitJa22,Baylor,Yes,5.09,60.96,33,243.84,7.53,4.69,1,2,36.64167652,offense,offensive_lineman
2009,Vontae Davis\DaviVo99,Illinois,No,4.4,91.44,25,317.5,6.75,4.07,1,25,28.31246274,defense,defensive_back
2009,Malcolm Jenkins\JenkMa99,Ohio St.,No,4.51,83.82,15,314.96,6.59,4.08,1,14,27.66708994,defense,defensive_back
2009,DeAndre Wright\WrigDe99,New Mexico,Yes,4.52,87.63,17,309.88,7,4.44,6,200,27.61511144,defense,defensive_back
2009,Darrius Heyward-Bey\HeywDa00,Maryland,Yes,4.3,97.79,16,320.04,6.8,4.18,1,7,26.96212778,offense,backs_receivers
2009,Ziggy Hood\HoodEv99,Missouri,Yes,4.83,83.82,34,274.32,7.5,4.55,1,32,37.49704425,defense,defensive_lineman
2009,Aaron Curry\CurrAa99,Wake Forest,Yes,4.52,93.98,25,314.96,7.15,4.51,1,4,32.61133551,defense,line_backer
2010,Dan Williams\WillDa99,Tennessee,Yes,5.19,81.28,27,243.84,7.88,4.87,1,26,41.98388469,defense,defensive_lineman
2010,Sean Weatherspoon\WeatSe99,Missouri,Yes,4.62,101.6,34,312.42,6.99,4.38,1,19,31.53192523,defense,line_backer
2010,Arthur Moats\MoatAr00,James Madison,No,4.64,92.71,24,309.88,7.22,4.37,6,178,33.36325552,defense,line_backer
2010,David Gettis\GettDa00,Baylor,Yes,4.43,87.63,15,314.96,6.94,4.41,6,198,27.12286201,offense,backs_receivers
2010,Greg Hardy\HardGr99,Mississippi,No,4.82,88.9,21,297.18,7.25,4.65,6,175,34.20404292,defense,defensive_lineman
2010,Jermaine Gresham\GresJe00,Oklahoma,No,4.66,88.9,20,287.02,7.07,4.53,1,21,30.94976561,offense,backs_receivers
2010,Dezmon Briscoe\BrisDe00,Kansas,No,4.66,83.82,9,292.1,7.1,4.57,6,191,26.57695453,offense,backs_receivers
2010,Joe Haden\HadeJo99,Florida,No,4.52,88.9,18,317.5,6.94,4.34,1,7,26.91776014,defense,defensive_back
2010,Carlton Mitchell\MitcCa00,South Florida,No,4.46,91.44,16,309.88,6.96,4.55,6,177,26.87288171,offense,backs_receivers
2010,Sam Young\YounSa21,Notre Dame,Yes,5.2,74.93,29,264.16,7.73,4.87,6,179,34.7140605,offense,offensive_lineman
2010,Eric Olsen\OlseEr20,Notre Dame,No,5.25,74.93,35,236.22,7.5,4.82,6,183,37.24710723,offense,offensive_lineman
2010,Ndamukong Suh\SuhxNd99,Nebraska,Yes,5.03,90.17,32,266.7,7.21,4.44,1,2,37.36882981,defense,defensive_lineman
2010,Jahvid Best\BestJa00,California,No,4.34,82.55,18,287.02,6.75,4.17,1,30,28.55323395,offense,backs_receivers
2010,James Starks\StarJa00,Buffalo,Yes,4.5,91.44,15,302.26,6.89,4.23,6,193,27.98925646,offense,backs_receivers
2010,Bryan Bulaga\BulaBr20,Iowa,No,5.2,69.85,26,248.92,7.7,4.75,1,23,37.23458391,offense,offensive_lineman
2010,Kareem Jackson\JackKa99,Alabama,No,4.4,95.25,13,299.72,6.92,4.14,1,20,28.12278319,defense,defensive_back
2010,Trindon Holliday\HollTr00,LSU,Yes,4.34,106.68,10,294.64,6.54,4.48,6,197,27.62356218,offense,backs_receivers
2010,Shelley Smith\SmitSh22,Colorado St.,Yes,5.03,86.36,26,284.48,7.67,4.71,6,187,37.49704425,offense,offensive_lineman
2010,Jerry Hughes\HughJe99,TCU,No,4.65,87.63,26,299.72,6.99,4.15,1,31,32.73972659,defense,line_backer
2010,Tyson Alualu\AluaTy99,California,Yes,4.87,90.17,21,294.64,7.15,4.43,1,10,37.87536998,defense,defensive_lineman
2010,Eric Berry\BerrEr99,Tennessee,No,4.4,109.22,19,330.2,6.8,4.23,1,5,28.61645087,defense,defensive_back
2010,Ryan Mathews\MathRy00,Fresno St.,Yes,4.37,91.44,19,307.34,7,4.33,1,12,29.5658118,offense,backs_receivers
2010,Jared Odrick\OdriJa99,Penn St.,Yes,5.03,73.66,26,269.24,7.22,4.59,1,28,36.04876914,defense,defensive_lineman
2010,Devin McCourty\McCoDe99,Rutgers,Yes,4.38,91.44,16,320.04,6.7,4.07,1,27,26.91776014,defense,defensive_back
2010,Ted Larsen\LarsTe20,North Carolina St.,Yes,5.19,60.96,26,243.84,7.81,4.66,6,205,37.99700484,offense,offensive_lineman
2010,Jason Pierre-Paul\PierJa99,South Florida,No,4.71,77.47,19,292.1,7.18,4.67,1,15,32.0169989,defense,defensive_lineman
2010,Adrian Tracy\TracAd99,William & Mary,Yes,4.76,90.17,20,279.4,7.08,4.34,6,184,30.99755658,defense,line_backer
2010,Travis Goethel\GoetTr99,Arizona St.,Yes,4.81,88.9,21,281.94,6.93,4.54,6,190,30.81386032,defense,line_backer
2010,Antonio Brown\BrowAn04,Central Michigan,No,4.56,85.09,13,266.7,6.98,4.18,6,195,26.68794731,offense,backs_receivers
2010,Jonathan Dwyer\DwyeJo00,Georgia Tech,No,4.64,83.82,15,271.78,7.56,4.67,6,188,31.93868949,offense,backs_receivers
2010,Mike Iupati\IupaMi20,Idaho,Yes,5.24,69.85,27,233.68,7.85,4.93,1,17,39.25046903,offense,offensive_lineman
2010,Anthony Davis\DaviAn27,Rutgers,No,5.36,83.82,21,251.46,8.17,4.97,1,11,38.30181721,offense,offensive_lineman
2010,Anthony Dixon\DixoAn00,Mississippi St.,Yes,4.67,83.82,15,307.34,7.09,4.49,6,173,30.74032878,offense,backs_receivers
2010,Kyle Williams\WillKy01,Arizona St.,No,4.4,83.82,11,299.72,7,4.19,6,206,26.97491448,offense,backs_receivers
2010,Anthony McCoy\McCoAn00,USC,Yes,4.71,90.17,19,287.02,6.99,4.57,6,185,31.52614632,offense,backs_receivers
2010,Gerald McCoy\McCoGe99,Oklahoma,Yes,5.04,77.47,23,289.56,7.32,4.48,1,3,35.90815893,defense,defensive_lineman
2010,Trent Williams\WillTr21,Oklahoma,No,4.81,87.63,23,287.02,7.64,4.63,1,4,37.35316539,offense,offensive_lineman
2011,Patrick Peterson\PetePa00,LSU,No,4.31,96.52,15,320.04,6.58,4.07,1,5,29.70143479,defense,defensive_back
2011,Julio Jones\JoneJu02,Alabama,Yes,4.34,97.79,17,342.9,6.66,4.25,1,6,27.49783245,offense,backs_receivers
2011,Jimmy Smith\SmitJi03,Colorado,Yes,4.42,91.44,24,312.42,6.93,4.06,1,27,27.09051887,defense,defensive_back
2011,Chris White\WhitCh03,Mississippi St.,Yes,4.65,86.36,17,292.1,6.95,4.25,6,169,29.9976354,defense,line_backer
2011,Lawrence Wilson\WilsLa01,Connecticut,Yes,4.71,82.55,24,287.02,7.31,4.5,6,166,30.21259781,defense,line_backer
2011,J.T. Thomas\ThomJ.02,West Virginia,Yes,4.65,77.47,23,289.56,7.23,4.28,6,195,31.79579071,defense,line_backer
2011,Ryan Whalen\WhalRy00,Stanford,No,4.53,97.79,18,312.42,6.67,4.09,6,167,26.65041379,offense,backs_receivers
2011,A.J. Green\GreeA.00,Georgia,Yes,4.48,87.63,18,320.04,6.91,4.21,1,4,25.68346283,offense,backs_receivers
2011,Phil Taylor\TaylPh00,Baylor,Yes,5.09,74.93,31,254,7.75,4.77,1,21,41.74670926,defense,defensive_lineman
2011,Dwayne Harris\HarrDw00,East Carolina,Yes,4.53,86.36,10,281.94,6.77,4.21,6,176,29.1271683,offense,backs_receivers
2011,Mike Mohamed\MohaMi00,California,Yes,4.65,81.28,21,292.1,6.7,4,6,189,29.87264525,defense,line_backer
2011,Von Miller\MillVo00,Texas A&M,No,4.42,93.98,21,320.04,6.7,4.06,1,2,30.74757628,defense,line_backer
2011,D.J. Smith\SmitD.00,Appalachian St.,Yes,4.71,78.74,20,264.16,7.35,4.45,6,186,33.33339209,defense,line_backer
2011,Derek Sherrod\SherDe00,Mississippi St.,No,5.18,71.12,23,246.38,7.43,4.63,1,32,38.06465425,offense,offensive_lineman
2011,Ricky Elmore\ElmoRi00,Arizona,Yes,4.88,80.01,26,269.24,7.25,4.32,6,197,31.03925603,defense,defensive_lineman
2011,J.J. Watt\WattJ.00,Wisconsin,No,4.81,93.98,34,304.8,6.88,4.21,1,11,34.38862845,defense,defensive_lineman
2011,Anthony Castonzo\CastAn00,Boston Col.,Yes,5.21,74.93,28,266.7,7.25,4.4,1,22,35.03519296,offense,offensive_lineman
2011,Jon Baldwin\BaldJo00,Pittsburgh,No,4.49,106.68,20,327.66,7.07,4.34,1,26,27.75274657,offense,backs_receivers
2011,Jerrell Powe\PoweJe00,Mississippi,Yes,5.25,63.5,27,236.22,8.17,5.06,6,199,43.01101336,defense,defensive_lineman
2011,Corey Liuget\LiugCo00,Illinois,No,4.97,69.85,27,259.08,7.48,4.68,1,18,38.26054323,defense,defensive_lineman
2011,Steve Schilling\SchiSt00,Michigan,Yes,5.18,64.77,30,248.92,7.73,4.62,6,201,37.49055238,offense,offensive_lineman
2011,Jordan Todman\TodmJo00,Connecticut,No,4.4,96.52,25,320.04,7.24,4.18,6,183,29.97755192,offense,backs_receivers
2011,Robert Quinn\QuinRo00,North Carolina,No,4.62,86.36,22,294.64,7.13,4.4,1,14,32.25648175,defense,defensive_lineman
2011,Charles Clay\ClayCh00,Tulsa,Yes,4.69,85.09,18,299.72,7.07,4.15,6,174,30.62258614,offense,backs_receivers
2011,Ross Homan\HomaRo00,Ohio St.,Yes,4.66,90.17,32,281.94,7.21,4.34,6,200,31.66385797,defense,line_backer
2011,Brandon Fusco\FuscBr00,Slippery Rock,Yes,5.18,72.39,26,274.32,7.29,4.43,6,172,37.24710723,offense,offensive_lineman
2011,DeMarcus Love\LoveDe00,Arkansas,Yes,5.18,67.31,27,246.38,7.84,4.84,6,168,38.34261039,offense,offensive_lineman
2011,Nate Solder\SoldNa00,Colorado,Yes,4.96,81.28,21,279.4,7.44,4.34,1,17,35.04362436,offense,offensive_lineman
2011,Mark Ingram\IngrMa01,Alabama,No,4.62,80.01,21,299.72,7.13,4.62,1,28,31.74962395,offense,backs_receivers
2011,Cameron Jordan\JordCa00,California,No,4.74,78.74,25,297.18,7.07,4.37,1,24,34.93437835,defense,defensive_lineman
2011,Tyler Sash\SashTy00,Iowa,Yes,4.62,83.82,11,274.32,6.9,4.27,6,198,28.61645087,defense,defensive_back
2011,Prince Amukamara\AmukPr00,Nebraska,No,4.38,96.52,15,325.12,6.97,4.08,1,19,27.93833592,defense,defensive_back
2011,Greg Jones\JoneGr02,Michigan St.,Yes,4.75,80.01,21,297.18,7.27,4.27,6,185,32.82076356,defense,line_backer
2011,Muhammad Wilkerson\WilkMu00,Temple,No,4.96,66.04,27,269.24,7.31,4.59,1,30,38.34261039,defense,defensive_lineman
2011,Danny Watkins\WatkDa00,Baylor,Yes,5.36,66.04,29,233.68,7.61,4.62,1,23,38.74694572,offense,offensive_lineman
2011,Brian Rolle\RollBr00,Ohio St.,Yes,4.53,83.82,28,292.1,6.89,4.26,6,193,32.85774158,defense,line_backer
2011,Keith Williams\WillKe04,Nebraska,Yes,5.28,62.23,23,236.22,8.42,5.03,6,196,38.7077781,offense,offensive_lineman
2011,Aldon Smith\SmitAl04,Missouri,No,4.74,86.36,20,299.72,7.19,4.5,1,7,32.01303661,defense,defensive_lineman
2011,Allen Bradford\BradAl00,USC,Yes,4.53,73.66,28,287.02,6.97,4.39,6,187,33.75180287,offense,backs_receivers
2011,Aldrick Robinson\RobiAl00,SMU,Yes,4.35,101.6,17,320.04,6.65,4.09,6,178,26.40098013,offense,backs_receivers
2011,Evan Royster\RoysEv00,Penn St.,Yes,4.65,86.36,20,287.02,7.07,4.18,6,177,28.75207386,offense,backs_receivers
2011,Ryan Kerrigan\KerrRy00,Purdue,Yes,4.67,85.09,31,309.88,7.18,4.39,1,16,32.4999269,defense,defensive_lineman
2012,Justin Bethel\BethJu00,Presbyterian,No,4.52,100.33,19,332.74,6.79,4.3,6,177,27.12459798,defense,defensive_back
2012,Charles Mitchell\MitcCh01,Mississippi St.,Yes,4.56,93.98,19,322.58,6.93,4.22,6,192,28.17299248,defense,defensive_back
2012,Stephon Gilmore\GilmSt00,South Carolina,No,4.38,91.44,15,312.42,6.61,3.94,1,10,25.76836808,defense,defensive_back
2012,Luke Kuechly\KuecLu00,Boston Col.,No,4.58,96.52,27,312.42,6.92,4.12,1,9,30.24761569,defense,line_backer
2012,Shea McClellin\McClSh00,Boise St.,Yes,4.62,80.01,19,299.72,7.07,4.33,1,19,32.49743835,defense,line_backer
2012,Kevin Zeitler\ZeitKe00,Wisconsin,No,5.32,73.66,32,256.54,7.77,4.61,1,27,38.22088781,offense,offensive_lineman
2012,Dan Herron\HerrDa00,Ohio St.,Yes,4.57,88.9,22,297.18,6.97,4.04,6,191,30.56200418,offense,backs_receivers
2012,Billy Winn\WinnBi00,Boise St.,Yes,4.86,68.58,24,271.78,7.37,4.44,6,205,35.78643636,defense,defensive_lineman
2012,James Hanna\HannJa00,Oklahoma,Yes,4.43,91.44,24,309.88,6.76,4.11,6,186,30.67408831,offense,backs_receivers
2012,Riley Reiff\ReifRi00,Iowa,Yes,5.16,67.31,23,248.92,7.87,4.75,1,23,36.17041066,offense,offensive_lineman
2012,Nick Perry\PerrNi00,USC,No,4.55,97.79,35,314.96,7.25,4.66,1,28,33.87232997,defense,defensive_lineman
2012,Whitney Mercilus\MercWh00,Illinois,No,4.68,81.28,27,299.72,7.17,4.53,1,26,31.76959146,defense,defensive_lineman
2012,Dontari Poe\PoexDo00,Memphis,No,4.89,74.93,44,266.7,7.9,4.56,1,11,43.24659103,defense,defensive_lineman
2012,Melvin Ingram\IngrMe00,South Carolina,Yes,4.69,87.63,28,276.86,6.83,4.18,1,18,34.83024377,defense,line_backer
2012,Harrison Smith\SmitHa00,Notre Dame,Yes,4.54,86.36,19,309.88,6.63,4.12,1,29,27.34730103,defense,defensive_back
2012,Chandler Jones\JoneCh03,Syracuse,Yes,4.77,88.9,22,304.8,7.07,4.38,1,21,31.542673,defense,defensive_lineman
2012,Andrew Tiller\TillAn01,Syracuse,Yes,5.44,58.42,16,215.9,7.92,4.8,6,179,39.43811354,offense,offensive_lineman
2012,Quinton Coples\CoplQu00,North Carolina,No,4.69,80.01,25,276.86,7.57,4.78,1,16,32.81915855,defense,defensive_lineman
2012,Fletcher Cox\CoxxFl00,Mississippi St.,No,4.77,66.04,30,261.62,7.07,4.53,1,12,36.27332665,defense,defensive_lineman
2012,Brandon Washington\WashBr00,Miami (FL),Yes,5.14,63.5,28,256.54,8.22,4.87,6,200,39.9968472,offense,offensive_lineman
2012,David DeCastro\DeCaDa00,Stanford,Yes,5.32,74.93,34,248.92,7.3,4.56,1,24,37.47174687,offense,offensive_lineman
2012,Bruce Irvin\IrviBr00,West Virginia,Yes,4.41,85.09,23,312.42,6.7,4.03,1,15,30.62258614,defense,line_backer
2012,Doug Martin\MartDo00,Boise St.,Yes,4.46,91.44,28,304.8,6.79,4.16,1,31,32.93100531,offense,backs_receivers
2012,Tom Compton\CompTo00,South Dakota,Yes,5.01,76.2,20,274.32,7.59,4.6,6,193,37.23458391,offense,offensive_lineman
2012,Alfred Morris\MorrAl00,Florida Atlantic,Yes,4.63,90.17,16,297.18,7.01,4.19,6,173,31.4229057,offense,backs_receivers
2013,Ryan Swope\SwopRy00,Texas A&M,Yes,4.34,93.98,16,317.5,6.76,4.25,6,174,27.80271293,offense,backs_receivers
2013,Jonathan Cooper\CoopJo01,North Carolina,Yes,5.07,68.58,35,274.32,7.78,4.84,1,7,39.92962733,offense,offensive_lineman
2013,Kenjon Barner\BarnKe00,Oregon,Yes,4.52,90.17,20,309.88,6.87,4.2,6,182,28.94384323,offense,backs_receivers
2013,Tyler Eifert\EifeTy00,Notre Dame,Yes,4.68,90.17,22,302.26,6.92,4.32,1,21,29.64536936,offense,backs_receivers
2013,Rex Burkhead\BurkRe00,Nebraska,Yes,4.73,99.06,21,317.5,6.85,4.09,6,190,30.70548776,offense,backs_receivers
2013,DeVonte Holloman\HollDe01,South Carolina,Yes,4.76,83.82,15,287.02,7.3,4.26,6,185,32.05965619,defense,line_backer
2013,Travis Frederick\FredTr00,Wisconsin,No,5.58,72.39,21,246.38,7.81,4.76,1,31,37.97744267,offense,offensive_lineman
2013,Vinston Painter\PainVi00,Virginia Tech,Yes,4.95,77.47,32,246.38,7.71,4.56,6,173,37.24710723,offense,offensive_lineman
2013,Sylvester Williams\WillSy00,North Carolina,Yes,5.03,67.31,27,259.08,7.93,4.8,1,28,39.12191617,defense,defensive_lineman
2013,Ziggy Ansah\AnsaEz00,BYU,Yes,4.56,87.63,21,299.72,7.11,4.26,1,5,32.13558038,defense,defensive_lineman
2013,Datone Jones\JoneDa03,UCLA,Yes,4.8,80.01,29,284.48,7.32,4.32,1,26,34.44748806,defense,defensive_lineman
2013,David Quessenberry\QuesDa00,San Jose St.,Yes,5.08,74.93,25,284.48,7.49,4.45,6,176,35.81160618,offense,offensive_lineman
2013,Bjoern Werner\WernBj00,Florida St.,Yes,4.83,78.74,25,281.94,7.3,4.4,1,24,33.24737923,defense,defensive_lineman
2013,Luke Joeckel\JoecLu00,Texas A&M,No,5.3,72.39,27,269.24,7.4,4.68,1,2,35.36148773,offense,offensive_lineman
2013,Eric Fisher\FishEr00,Central Michigan,Yes,5.05,72.39,27,294.64,7.59,4.44,1,1,34.47192619,offense,offensive_lineman
2013,Alec Ogletree\OgleAl00,Georgia,No,4.7,85.09,20,309.88,7.16,4.39,1,30,31.07064249,defense,line_backer
2013,Kenny Vaccaro\VaccKe00,Texas,Yes,4.63,96.52,15,307.34,6.78,4.06,1,15,29.02331984,defense,defensive_back
2013,Mychal Rivera\RiveMy00,Tennessee,Yes,4.81,78.74,17,284.48,7.17,4.43,6,184,30.24761569,offense,backs_receivers
2013,Lane Johnson\JohnLa01,Oklahoma,Yes,4.72,86.36,28,299.72,7.31,4.52,1,4,35.01480648,offense,offensive_lineman
2013,Eric Reid\ReidEr00,LSU,No,4.53,102.87,17,340.36,6.99,4.22,1,18,28.10167395,defense,defensive_back
2014,Deone Bucannon\BucaDe00,Washington St.,No,4.49,92.71,19,317.5,6.96,4.26,1,27,27.83780846,defense,defensive_back
2014,Jake Matthews\MattJa00,Texas A&M,Yes,5.07,77.47,24,266.7,7.34,4.47,1,6,36.52309505,offense,offensive_lineman
2014,Sammy Watkins\WatkSa00,Clemson,No,4.43,86.36,16,320.04,6.95,4.34,1,4,27.83780846,offense,backs_receivers
2014,Kelvin Benjamin\BenjKe00,Florida St.,Yes,4.61,82.55,13,302.26,7.33,4.39,1,28,28.45955458,offense,backs_receivers
2014,Kyle Fuller\FullKy00,Virginia Tech,Yes,4.49,97.79,12,325.12,6.9,4.19,1,14,25.76836808,defense,defensive_back
2014,Zack Martin\MartZa00,Notre Dame,Yes,5.22,71.12,29,269.24,7.65,4.59,1,16,37.49055238,offense,offensive_lineman
2014,Matt Paradis\ParaMa00,Boise St.,Yes,5.34,66.04,23,261.62,7.6,4.46,6,207,38.24698513,offense,offensive_lineman
2014,Demetri Goodson\GoodDe00,Baylor,Yes,4.52,93.98,11,312.42,6.8,4.34,6,197,27.0572304,defense,defensive_back
2014,Ha Ha Clinton-Dix\ClinHa00,Alabama,No,4.58,83.82,11,302.26,7.16,4.16,1,21,27.44201024,defense,defensive_back
2014,Alfred Blue\BlueAl00,LSU,Yes,4.63,81.28,13,307.34,7.15,4.5,6,181,28.63121188,offense,backs_receivers
2014,Jadeveon Clowney\ClowJa00,South Carolina,No,4.53,95.25,21,314.96,7.27,4.43,1,1,31.542673,defense,defensive_lineman
2014,Zach Fulton\FultZa00,Tennessee,Yes,5.16,62.23,25,248.92,7.87,5.16,6,193,37.47174687,offense,offensive_lineman
2014,Greg Robinson\RobiGr01,Auburn,No,4.92,72.39,32,287.02,7.8,4.86,1,2,39.36905051,offense,offensive_lineman
2014,Aaron Donald\DonaAa00,Pittsburgh,Yes,4.68,81.28,35,294.64,7.11,4.39,1,13,37.60083134,defense,defensive_lineman
2014,Matt Hazel\HazeMa01,Coastal Carolina,Yes,4.5,92.71,15,299.72,7.08,4.2,6,190,26.12268282,offense,backs_receivers
2014,Ja'Wuan James\JameJa01,Tennessee,No,5.26,73.66,22,261.62,7.42,4.56,1,19,35.93928982,offense,offensive_lineman
2014,Antone Exum\ExumAn00,Virginia Tech,Yes,4.59,88.9,17,297.18,7.05,4.13,6,182,28.88769685,defense,defensive_back
2014,Anthony Barr\BarrAn00,UCLA,No,4.66,87.63,15,302.26,6.82,4.19,1,9,30.23827674,defense,line_backer
2014,Zach Moore\MoorZa00,Concordia (MN),Yes,4.84,85.09,23,312.42,7.41,4.46,6,198,31.89841743,defense,defensive_lineman
2014,Brandin Cooks\CookBr00,Oregon St.,No,4.33,91.44,16,304.8,6.76,3.81,1,20,27.11839807,offense,backs_receivers
2014,Bennett Jackson\JackBe00,Notre Dame,Yes,4.51,96.52,13,325.12,6.75,4,6,187,26.44648303,defense,defensive_back
2014,Odell Beckham Jr.\BeckOd00,LSU,No,4.38,97.79,7,309.88,6.69,3.94,1,12,27.61511144,offense,backs_receivers
2014,Brandon Dixon\DixoBr00,Northwest Missouri State,Yes,4.41,82.55,17,297.18,7.15,4.27,6,195,28.31246274,defense,defensive_back
2014,I.K. Enemkpali\EnemIK00,Louisiana Tech,Yes,4.86,86.36,28,284.48,7.67,4.65,6,210,34.43444554,defense,defensive_lineman
2014,Khalil Mack\MackKh00,Buffalo,Yes,4.65,101.6,23,325.12,7.08,4.18,1,5,31.37252702,defense,line_backer
2014,Marcus Smith\SmitMa03,Louisville,No,4.66,88.9,23,307.34,7.48,4.47,1,26,31.37252702,defense,defensive_lineman
2014,Ryan Shazier\ShazRy00,Ohio St.,No,4.58,106.68,25,330.2,6.91,4.21,1,15,31.26805974,defense,line_backer
2014,Robert Herron\HerrRo00,Wyoming,No,4.48,90.17,18,317.5,6.84,4.27,6,185,28.50082522,offense,backs_receivers
2014,Taylor Lewan\LewaTa00,Michigan,Yes,4.87,77.47,29,297.18,7.39,4.49,1,11,34.80988625,offense,offensive_lineman
2015,D.J. Humphries\HumpD.00,Florida,No,5.12,78.74,26,264.16,7.87,4.64,1,24,36.40451357,offense,offensive_lineman
2015,Vic Beasley\BeasVi00,Clemson,Yes,4.53,104.14,35,330.2,6.91,4.15,1,8,30.74757628,defense,line_backer
2015,Darren Waller\WallDa01,Georgia Tech,Yes,4.46,93.98,12,317.5,7.07,4.25,6,204,27.50337935,offense,backs_receivers
2015,Nick O'Leary\OLeaNi00,Florida St.,Yes,4.93,77.47,21,279.4,7.4,4.5,6,194,31.49751717,offense,backs_receivers
2015,Kevin White\WhitKe00,West Virginia,Yes,4.35,92.71,23,312.42,6.92,4.14,1,7,26.87288171,offense,backs_receivers
2015,Danny Shelton\ShelDa01,Washington,No,5.64,77.47,34,241.3,7.99,4.65,1,12,43.5245777,defense,defensive_lineman
2015,Cameron Erving\ErviCa00,Florida St.,Yes,5.15,77.47,30,284.48,7.48,4.63,1,19,37.11600243,offense,offensive_lineman
2015,Laken Tomlinson\TomlLa01,Duke,Yes,5.33,80.01,25,261.62,8.17,4.87,1,28,40.37181764,offense,offensive_lineman
2015,Quandre Diggs\DiggQu00,Texas,Yes,4.56,90.17,17,287.02,7.22,4.15,6,200,28.94384323,defense,defensive_back
2015,Damarious Randall\RandDa00,Arizona St.,Yes,4.46,96.52,14,304.8,6.83,4.07,1,30,27.33617092,defense,defensive_back
2015,Phillip Dorsett\DorsPh00,Miami (FL),Yes,4.33,93.98,13,309.88,6.7,4.11,1,29,26.54446372,offense,backs_receivers
2015,Amarlo Herrera\HerrAm00,Georgia,Yes,4.83,81.28,23,281.94,7.35,4.27,6,207,32.19158894,defense,line_backer
2015,Marcus Peters\PeteMa00,Washington,Yes,4.53,95.25,17,307.34,7.08,4.08,1,18,26.71772901,defense,defensive_back
2015,Rakeem Nunez-Roches\NuneRa00,Southern Miss,No,5.02,86.36,26,289.56,7.67,4.69,6,217,39.41606299,defense,defensive_lineman
2015,Melvin Gordon\GordMe00,Wisconsin,No,4.52,88.9,19,320.04,7.04,4.07,1,15,28.36553943,offense,backs_receivers
2015,Trae Waynes\WaynTr00,Michigan St.,Yes,4.31,96.52,19,309.88,7.06,4.39,1,11,25.22587612,defense,defensive_back
2015,Malcom Brown\BrowMa01,Texas,No,5.05,74.93,26,248.92,7.84,4.59,1,32,40.95675601,defense,defensive_lineman
2015,Stephone Anthony\AnthSt00,Clemson,Yes,4.56,93.98,23,309.88,7.07,4.03,1,31,30.37260584,defense,line_backer
2015,Geremy Davis\DaviGe00,Connecticut,Yes,4.49,92.71,23,314.96,6.86,4.18,6,186,27.73247429,offense,backs_receivers
2015,Leterrius Walton\WaltLe00,Central Michigan,Yes,5.25,68.58,25,261.62,7.91,4.78,6,199,37.8274913,defense,defensive_lineman
2015,Anthony Chickillo\ChicAn00,Miami (FL),Yes,4.79,87.63,27,289.56,7.17,4.25,6,212,33.37236938,defense,defensive_lineman
2015,Arik Armstead\ArmsAr01,Oregon,No,5.06,86.36,24,297.18,7.57,4.53,1,17,32.89477924,defense,defensive_lineman
2015,Obum Gwacham\GwacOb00,Oregon St.,Yes,4.72,91.44,22,307.34,7.28,4.28,6,209,29.17104345,defense,defensive_lineman
2015,Kaelin Clay\ClayKa00,Utah,Yes,4.51,83.82,10,287.02,6.97,4.26,6,184,27.9792996,offense,backs_receivers
2015,Andy Gallik\GallAn00,Boston Col.,Yes,5.5,68.58,29,243.84,7.66,4.58,6,208,39.28767191,offense,offensive_lineman
2015,Kyshoen Jarrett\JarrKy00,Virginia Tech,No,4.57,83.82,21,276.86,6.95,4.4,6,181,28.69671754,defense,defensive_back
2016,Harlan Miller\MillHa00,SE Louisiana,No,4.65,90.17,6,299.72,7.44,4.43,6,205,24.68338416,defense,defensive_back
2016,Keanu Neal\NealKe01,Florida,No,4.62,96.52,17,335.28,7.09,4.38,1,17,28.61645087,defense,defensive_back
2016,Maurice Canady\CanaMa00,Virginia,No,4.49,96.52,16,314.96,7.03,4.09,6,209,25.46301912,defense,defensive_back
2016,Vernon Butler\ButlVe00,Louisiana Tech,No,5.33,74.93,26,264.16,7.82,4.76,1,30,39.31639097,defense,defensive_lineman
2016,Deandre Houston-Carson\HousDe00,William & Mary,Yes,4.54,82.55,13,292.1,7.15,4.28,6,185,26.51848105,defense,defensive_back
2016,Anthony Brown\BrowAn02,Purdue,Yes,4.33,88.9,19,292.1,7.03,4.19,6,189,26.77828988,defense,defensive_back
2016,Andy Janovich\JanoAn00,Nebraska,Yes,4.81,86.36,30,302.26,7.28,4.32,6,176,31.39999249,offense,backs_receivers
2016,Anthony Zettel\ZettAn00,Penn St.,Yes,4.81,77.47,28,276.86,7.63,4.39,6,202,33.71715263,defense,defensive_lineman
2016,Taylor Decker\DeckTa00,Ohio St.,Yes,5.23,73.66,20,256.54,7.7,4.76,1,16,34.92253961,offense,offensive_lineman
2016,Will Fuller\FullWi01,Notre Dame,No,4.32,85.09,10,320.04,6.93,4.27,1,21,25.22587612,offense,backs_receivers
2016,Ryan Kelly\KellRy00,Alabama,Yes,5.03,76.2,26,261.62,7.58,4.59,1,18,37.8557201,offense,offensive_lineman
2016,Jalen Ramsey\RamsJa00,Florida St.,No,4.41,105.41,14,342.9,6.94,4.18,1,5,27.57394298,defense,defensive_back
2016,Dadi Nicolas\NicoDa00,Virginia Tech,Yes,4.74,104.14,14,294.64,7.04,4.38,6,203,29.37268466,defense,defensive_lineman
2016,D.J. White\WhitD.00,Georgia Tech,Yes,4.49,83.82,17,335.28,7.18,4.33,6,178,26.91776014,defense,defensive_back
2016,Joey Bosa\BosaJo00,Ohio St.,No,4.86,81.28,24,304.8,6.89,4.21,1,3,31.89841743,defense,defensive_lineman
2016,Temarrick Hemingway\HemiTe00,South Carolina St.,Yes,4.71,77.47,18,292.1,6.88,4.31,6,177,28.93388049,offense,backs_receivers
2016,Sheldon Rankins\RankSh00,Louisville,No,5.03,87.63,28,299.72,7.44,4.59,1,12,39.44788972,defense,defensive_lineman
2016,Darron Lee\LeexDa00,Ohio St.,No,4.47,90.17,17,337.82,7.12,4.2,1,20,30.60839604,defense,line_backer
2016,Joshua Garnett\GarnJo00,Stanford,Yes,5.32,73.66,30,251.46,7.62,4.64,1,28,37.97744267,offense,offensive_lineman
2016,Aaron Burbridge\BurbAa00,Michigan St.,Yes,4.56,77.47,20,292.1,7.22,4.31,6,213,27.93833592,offense,backs_receivers
2016,Devante Bond\BondDe00,Oklahoma,Yes,4.7,95.25,21,307.34,7.07,4.36,6,183,31.00419426,defense,line_backer
2016,Dan Vitale\VitaDa00,Northwestern,Yes,4.6,97.79,30,312.42,7.12,4.12,6,197,31.53192523,offense,backs_receivers
2016,Jack Conklin\ConkJa00,Michigan St.,No,5,76.2,25,261.62,7.63,4.57,1,8,35.59260857,offense,offensive_lineman
2016,Sebastian Tretola\TretSe00,Arkansas,Yes,5.45,59.69,22,228.6,7.94,5.02,6,193,38.22088781,offense,offensive_lineman
2016,Josh Doctson\DoctJo00,TCU,Yes,4.5,104.14,14,332.74,6.84,4.08,1,22,25.9349991,offense,backs_receivers
2017,Haason Reddick\ReddHa00,Temple,Yes,4.52,92.71,24,337.82,7.01,4.37,1,13,31.26805974,defense,line_backer
2017,Takkarist McKinley\McKiTa00,UCLA,No,4.59,83.82,24,309.88,7.48,4.62,1,26,32.09777117,defense,line_backer
2017,Chuck Clark\ClarCh00,Virginia Tech,No,4.54,86.36,16,309.88,6.85,4.07,6,186,28.2095819,defense,defensive_back
2017,TreDavious White\WhitTr01,LSU,Yes,4.47,81.28,16,302.26,6.9,4.32,1,27,26.77828988,defense,defensive_back
2017,Christian McCaffrey\McCaCh01,Stanford,No,4.48,95.25,10,307.34,6.57,4.22,1,8,28.17299248,offense,backs_receivers
2017,Caleb Brantley\BranCa00,Florida,Yes,5.14,68.58,21,266.7,7.66,4.62,6,185,38.37197528,defense,defensive_lineman
2017,David Njoku\NjokDa00,Miami (FL),No,4.64,95.25,21,337.82,6.97,4.34,1,29,29.94375287,offense,backs_receivers
2017,Taco Charlton\CharTa00,Michigan,Yes,4.92,83.82,25,294.64,7.17,4.39,1,28,32.01023563,defense,defensive_lineman
2017,Xavier Woods\WoodXa00,Louisiana Tech,No,4.54,85.09,19,309.88,6.72,4.13,6,191,27.47564118,defense,defensive_back
2017,Jeremiah Ledbetter\LedbJe00,Arkansas,Yes,4.84,82.55,29,287.02,7.55,4.56,6,205,34.9972413,defense,defensive_lineman
2017,Sam Tevi\TeviSa00,Utah,Yes,5.27,66.04,15,271.78,7.84,4.6,6,190,36.87883948,offense,offensive_lineman
2017,Tanzel Smart\SmarTa00,Tulane,Yes,5.24,68.58,22,266.7,7.53,4.57,6,189,39.0520915,defense,defensive_lineman
2017,Sam Rogers\RogeSa00,Virginia Tech,No,4.93,81.28,19,289.56,7.27,4.34,6,206,33.14470876,offense,backs_receivers
2017,Vincent Taylor\TaylVi00,Oklahoma St.,Yes,5.07,72.39,26,274.32,7.58,4.72,6,194,37.99700484,defense,defensive_lineman
2017,Charles Harris\HarrCh03,Missouri,Yes,4.82,81.28,21,276.86,7.47,4.42,1,22,31.62250732,defense,defensive_lineman
2017,Al-Quadin Muhammad\MuhaAl00,Miami (FL),No,4.88,77.47,22,297.18,7.25,4.47,6,196,31.62250732,defense,defensive_lineman
2017,Evan Engram\EngrEv00,Mississippi,Yes,4.42,91.44,19,317.5,6.92,4.23,1,23,29.24769451,offense,backs_receivers
2017,Adam Bisnowaty\BisnAd00,Pittsburgh,Yes,5.23,74.93,23,243.84,8.02,4.94,6,200,35.1303669,offense,offensive_lineman
2017,Jamal Adams\AdamJa00,LSU,No,4.56,80.01,18,304.8,6.96,4.13,1,6,29.02331984,defense,defensive_back
2017,Elijah McGuire\McGuEl00,Louisiana,Yes,4.53,91.44,15,304.8,7.26,4.56,6,188,30.70548776,offense,backs_receivers
2017,Gareon Conley\ConlGa00,Ohio St.,No,4.44,93.98,11,327.66,6.68,4.18,1,24,26.44648303,defense,defensive_back
2017,Elijah Qualls\QualEl00,Washington,Yes,5.13,80.01,33,266.7,7.65,4.66,6,214,41.2949481,defense,defensive_lineman
2017,T.J. Watt\WattT.00,Wisconsin,Yes,4.69,93.98,21,325.12,6.79,4.13,1,30,30.67408831,defense,line_backer
2017,Solomon Thomas\ThomSo00,Stanford,No,4.69,88.9,30,320.04,6.95,4.28,1,3,34.12231027,defense,defensive_lineman
2017,Pita Taumoepenu\TaumPi00,Utah,Yes,4.67,72.39,24,284.48,6.91,4.33,6,202,32.05965619,defense,line_backer
2017,D.J. Jones\JoneD.01,Akron,Yes,5.04,72.39,25,274.32,7.73,4.65,6,198,42.08654455,defense,defensive_lineman
2017,O.J. Howard\HowaO.00,Alabama,Yes,4.51,76.2,22,307.34,6.85,4.16,1,19,29.00566478,offense,backs_receivers
2017,Corey Levin\LeviCo00,Tenn-Chattanooga,Yes,5.16,67.31,26,269.24,7.55,4.73,6,217,37.36882981,offense,offensive_lineman
2017,Chase Roullier\RoulCh00,Wyoming,Yes,5.54,67.31,19,246.38,7.6,4.47,6,199,37.97744267,offense,offensive_lineman
2017,Robert Davis\DaviRo00,Georgia St.,No,4.44,104.14,19,345.44,6.82,4.28,6,209,27.3728423,offense,backs_receivers
2017,Jonathan Allen\AlleJo01,Alabama,Yes,5,76.2,21,274.32,7.49,4.5,1,17,35.74718218,defense,defensive_lineman
2018,Calvin Ridley\RidlCa00,Alabama,Yes,4.43,78.74,15,279.4,6.88,4.41,1,26,25.63274509,offense,backs_receivers
2018,Greg Senat\SenaGr00,Wagner,Yes,5.38,66.04,19,269.24,7.41,4.71,6,212,34.89924606,offense,offensive_lineman
2018,D.J. Moore\MoorD.00,Maryland,No,4.42,100.33,15,335.28,6.95,4.07,1,24,28.48082788,offense,backs_receivers
2018,Cedrick Wilson\WilsCe01,Boise St.,Yes,4.55,93.98,9,307.34,6.89,4.23,6,208,25.29304368,offense,backs_receivers
2018,Leighton Vander esch\VandLe00,Boise St.,Yes,4.65,100.33,20,314.96,6.88,4.15,1,19,31.1609786,defense,line_backer
2018,Sam Jones\JoneSa00,Arizona St.,Yes,5.32,68.58,28,256.54,7.92,4.86,6,183,36.16735061,offense,offensive_lineman
2018,Bradley Chubb\ChubBr00,North Carolina St.,No,4.65,91.44,24,307.34,7.37,4.41,1,5,32.74337204,defense,defensive_lineman
2018,Jaire Alexander\AlexJa00,Louisville,No,4.38,88.9,14,322.58,6.71,3.98,1,18,26.77828988,defense,defensive_back
2018,Jordan Thomas\ThomJo05,Mississippi St.,No,4.74,68.58,16,281.94,7.5,4.75,6,211,31.42409152,offense,backs_receivers
2018,Deon Cain\CainDe00,Clemson,No,4.43,85.09,11,292.1,6.71,4.37,6,185,25.9349991,offense,backs_receivers
2018,Taven Bryan\BryaTa00,Florida,No,4.98,88.9,30,302.26,7.12,4.48,1,29,35.42126864,defense,defensive_lineman
2018,Kahlil McKenzie\McKeKa00,Tennessee,No,5.15,74.93,26,266.7,7.94,4.68,6,198,37.23458391,defense,defensive_lineman
2018,Dylan Cantrell\CantDy00,Texas Tech,Yes,4.59,97.79,18,330.2,6.56,4.03,6,191,28.24777333,offense,backs_receivers
2018,Jamil Demby\DembJa00,Maine,No,5.58,59.69,17,248.92,7.86,4.95,6,192,38.82950068,offense,offensive_lineman
2018,Colby Gossett\GossCo00,Appalachian St.,Yes,5.2,63.5,32,261.62,7.6,4.83,6,213,36.87883948,offense,offensive_lineman
2018,Mike Hughes\HughMi00,Central Florida,No,4.53,90.17,20,322.58,6.7,4.13,1,30,26.63881962,defense,defensive_back
2018,Ade Aruna\ArunAd00,Tulane,Yes,4.6,97.79,18,325.12,7.53,4.48,6,218,30.27682937,defense,defensive_lineman
2018,Christian Sam\SamxCh00,Arizona St.,No,4.75,81.28,28,289.56,7.03,4.25,6,178,31.32742466,defense,line_backer
2018,Marcus Davenport\DaveMa00,Texas-San Antonio,No,4.58,85.09,22,314.96,7.2,4.41,1,14,30.5079502,defense,defensive_lineman
2018,Azeem Victor\VictAz00,Washington,Yes,4.72,82.55,19,292.1,7.2,4.4,6,216,31.66385797,defense,line_backer
2018,Kolton Miller\MillKo00,UCLA,Yes,4.95,80.01,24,307.34,7.34,4.49,1,15,33.11210183,offense,offensive_lineman
2019,Keesean Johnson\JohnKe07,Fresno St.,Yes,4.6,76.2,14,297.18,7.28,4.23,6,174,26.51848105,offense,backs_receivers
2019,Kaleb McGary\McGaKa00,Washington,Yes,5.05,85.09,23,281.94,7.66,4.58,1,31,35.71111308,offense,offensive_lineman
2019,Dennis Daley\DaleDe00,South Carolina,Yes,5.23,67.31,20,261.62,7.95,4.92,6,212,37.59032834,offense,offensive_lineman
2019,Jonah Williams\WillJo10,Alabama,No,5.12,71.12,23,254,8.01,4.79,1,11,36.76021694,offense,offensive_lineman
2019,Trayveon Williams\WillTr06,Texas A&M,No,4.51,83.82,19,307.34,7.44,4.44,6,182,31.32187141,offense,backs_receivers
2019,Noah Fant\FantNo00,Iowa,No,4.5,100.33,20,322.58,6.81,4.22,1,20,30.30892059,offense,backs_receivers
2019,T.J. Hockenson\HockTJ00,Iowa,No,4.7,95.25,17,312.42,7.02,4.18,1,8,29.76395083,offense,backs_receivers
2019,Dexter Williams\WillDe07,Notre Dame,Yes,4.57,91.44,17,330.2,7,4.16,6,194,29.56769508,offense,backs_receivers
2019,Darnell Savage\SavaDa00,Maryland,No,4.36,100.33,11,320.04,7.03,4.14,1,21,27.61511144,defense,defensive_back
2019,Isaiah Prince\PrinIs00,Ohio St.,No,5.09,68.58,23,292.1,7.9,5.02,6,202,35.24592732,offense,offensive_lineman
2019,Andre Dillard\DillAn00,Washington St.,Yes,4.96,73.66,24,299.72,7.44,4.4,1,22,37.35316539,offense,offensive_lineman
2019,Kaden Smith\SmitKa00,Stanford,No,4.92,81.28,15,274.32,7.08,4.47,6,176,30.23827674,offense,backs_receivers
2019,Travis Homer\HomeTr00,Miami (FL),No,4.48,100.33,17,330.2,7.07,4.31,6,204,28.84020112,offense,backs_receivers
2019,Kelvin Harmon\HarmKe00,North Carolina St.,Yes,4.6,82.55,18,297.18,7.15,4.32,6,206,28.37442971,offense,backs_receivers